{
    "BTC": 0.04378468252126061,
    "UNI": 0.051702528204671985,
    "BCH": 0.06388335367859813,
    "TRX": 0.06423943381801073,
    "ETC": 0.07340661246879074,
    "FLOW": 0.08275784969648342,
    "ETH": 0.08347447367560268,
    "FIL": 0.08644811012368633,
    "ALGO": 0.08657695781662464,
    "SOL": 0.09062739546258618,
    "MANA": 0.0981264400029297,
    "MATIC": 0.09841114070659844,
    "LINK": 0.10199391496094952,
    "XTZ": 0.10706643651202545,
    "DOT": 0.10916120268577384,
    "EGLD": 0.11150976873799964,
    "AXS": 0.11628531704527004,
    "XRP": 0.11734426567270043,
    "APE": 0.12828039653435747,
    "HNT": 0.1318434166124179,
    "ADA": 0.15379560878921147,
    "ICP": 0.15622163839287095,
    "ATOM": 0.18108973231382888,
    "AAVE": 0.25209746277578116,
    "AVAX": 0.26006587925822716,
    "ZEC": 0.28277009648213186,
    "DOGE": 0.3886768500173971,
    "LTC": 1.0347178841912736
}