{
    "BTC": 0.09052187073480242,
    "ETC": 0.11040569556920696,
    "ETH": 0.1248569794899314,
    "BCH": 0.1299457244166505,
    "DOT": 0.16964655669329196,
    "EGLD": 0.1701031150920566,
    "FIL": 0.1701728645648779,
    "AXS": 0.18004563455897865,
    "FLOW": 0.24835303492384866,
    "XRP": 0.31955812984037546,
    "UNI": 0.36261495979098324,
    "TRX": 0.3964940376767362,
    "ALGO": 0.4446637289902054,
    "HNT": 0.4936784395887624,
    "LINK": 0.5381806198791164,
    "SOL": 0.5734155044201574,
    "MANA": 0.6190606879086968,
    "XTZ": 0.636600052022404,
    "ADA": 0.669371414703456,
    "APE": 0.6807018198320473,
    "MATIC": 0.7409336796479093,
    "ATOM": 0.8002763543219841,
    "ICP": 0.8852583438180677,
    "AAVE": 1.1021207250333536,
    "AVAX": 1.1823135558652078,
    "ZEC": 1.7968117496829241,
    "DOGE": 2.304726623570291,
    "LTC": 65.26361049686767
}