{
    "FLOW": 0.24835303492384866,
    "BTC": 0.6196847228565707,
    "ETC": 0.8078224306776214,
    "ETH": 0.9022670880752697,
    "BCH": 0.9964432565999491,
    "EGLD": 1.1223956437387042,
    "FIL": 1.1513063191955233,
    "AVAX": 1.1823135558652078,
    "DOT": 1.2566935501042127,
    "AXS": 1.3111051417451147,
    "XRP": 2.4219250153447796,
    "UNI": 2.638676568949372,
    "TRX": 3.1368771656524137,
    "ALGO": 3.4943836245003026,
    "HNT": 3.750250832490698,
    "SOL": 4.171548676988076,
    "LINK": 4.188424015541486,
    "MANA": 4.5853455062835735,
    "XTZ": 4.800163893069551,
    "ADA": 5.052798262460252,
    "APE": 5.400584112640165,
    "MATIC": 5.823474361005635,
    "ATOM": 6.303898548471625,
    "ICP": 6.931777630953899,
    "AAVE": 8.664641958831865,
    "ZEC": 13.985315268778685,
    "DOGE": 18.203601000821067,
    "LTC": 4176.306804210157
}