{
    "AAVE": 0.0022096960056315557,
    "HNT": 0.004641738472756839,
    "XRP": 0.006593859813498134,
    "BCH": 0.009333590076361392,
    "BTC": 0.009339927668537548,
    "TRX": 0.009834767148813978,
    "ETH": 0.010410581401393493,
    "FLOW": 0.011444132383570449,
    "LTC": 0.011485597632231304,
    "UNI": 0.012333908301024817,
    "DOT": 0.012592405851782743,
    "MANA": 0.015192672586602429,
    "ALGO": 0.01654714145172723,
    "EGLD": 0.016845930699444827,
    "AXS": 0.017122432814335516,
    "LINK": 0.017137542306531767,
    "XTZ": 0.01860684091672009,
    "FIL": 0.018616973952910117,
    "ETC": 0.01890060338739938,
    "SOL": 0.023887982551820414,
    "DOGE": 0.024428028236480086,
    "APE": 0.026523037609991182,
    "ICP": 0.027858961488802833,
    "MATIC": 0.028395768990082063,
    "ATOM": 0.02969120822558406,
    "ADA": 0.03015257407402785,
    "AVAX": 0.0324410370024045,
    "ZEC": 0.03395565052236822
}