{
    "FLOW": 0.24835303492384866,
    "AVAX": 1.1823135558652078,
    "BTC": 1.2078877384623379,
    "ETC": 1.5940792989417214,
    "ETH": 1.7660543218176485,
    "BCH": 1.970655398727189,
    "EGLD": 2.1819845602291306,
    "FIL": 2.2570822853359322,
    "DOT": 2.4847980386487833,
    "AXS": 2.589581243675214,
    "XRP": 4.814811800921202,
    "UNI": 5.219141117204113,
    "TRX": 6.262073555194677,
    "ALGO": 6.969330439640327,
    "HNT": 7.471698844241264,
    "SOL": 8.233816014427358,
    "LINK": 8.355336451682888,
    "MANA": 9.08822402480198,
    "XTZ": 9.543042694002601,
    "ADA": 10.033956110211507,
    "APE": 10.7732029621356,
    "MATIC": 11.623894029777087,
    "ATOM": 12.591992905914703,
    "ICP": 13.842984010535575,
    "AAVE": 17.262558302642915,
    "ZEC": 27.90410494617396,
    "DOGE": 36.34025633907365,
    "LTC": 16705.170282133993
}