{
    "XRP": 0.0013286559845333953,
    "DOGE": 0.0015667033555210688,
    "BCH": 0.002185376504170396,
    "FLOW": 0.002487166802533163,
    "AAVE": 0.0033350465230294712,
    "XTZ": 0.0035289645675655743,
    "ZEC": 0.003959870836125168,
    "DOT": 0.0043202273919461815,
    "TRX": 0.005705595858439683,
    "LTC": 0.006546069908063557,
    "SOL": 0.007397841765824418,
    "ICP": 0.007567161537330168,
    "BTC": 0.007705225267116282,
    "HNT": 0.008368758283702692,
    "LINK": 0.009577215033188083,
    "MANA": 0.009863863953961126,
    "EGLD": 0.010667755244174484,
    "UNI": 0.011119361511618932,
    "AXS": 0.012134255284087719,
    "ALGO": 0.013451695279023408,
    "FIL": 0.013611837560850541,
    "ETH": 0.015143827000512276,
    "AVAX": 0.017116373575112313,
    "ADA": 0.01922374764408445,
    "ETC": 0.01954327235973019,
    "ATOM": 0.021448276417219265,
    "MATIC": 0.024381723091237466,
    "APE": 0.02912059026992362
}